TDSFU Daily run: Sun Oct 19 13:49:37 UTC 2025 TDSFU
TDSFU Daily run: Mon Oct 20 04:36:03 UTC 2025 TDSFU
TDSFU Daily run: Tue Oct 21 04:33:39 UTC 2025 TDSFU
TDSFU Daily run: Wed Oct 22 04:34:37 UTC 2025 TDSFU
TDSFU Daily run: Thu Oct 23 04:33:14 UTC 2025 TDSFU
TDSFU Daily run: Fri Oct 24 04:33:04 UTC 2025 TDSFU
TDSFU Daily run: Sat Oct 25 04:31:34 UTC 2025 TDSFU
TDSFU Daily run: Sun Oct 26 04:32:28 UTC 2025 TDSFU
TDSFU Daily run: Mon Oct 27 04:40:24 UTC 2025 TDSFU
TDSFU Daily run: Tue Oct 28 04:34:11 UTC 2025 TDSFU
TDSFU Daily run: Wed Oct 29 04:38:10 UTC 2025 TDSFU
TDSFU Daily run: Thu Oct 30 04:33:37 UTC 2025 TDSFU
TDSFU Daily run: Fri Oct 31 04:43:43 UTC 2025 TDSFU
TDSFU Daily run: Sat Nov  1 04:31:56 UTC 2025 TDSFU
TDSFU Daily run: Sun Nov  2 04:33:37 UTC 2025 TDSFU
TDSFU Daily run: Mon Nov  3 04:39:24 UTC 2025 TDSFU
